{
    "start-joints": [
        2.844887,
        -1.134464,
        0.593412,
        -1.204277,
        -1.58825,
        2.338741
    ],
    "end-joints": [
        0.004218,
        -1.151913,
        1.378609,
        -2.111616,
        -1.58825,
        2.338741
    ],
    "control-p": [
        [
            2.84662641421297,
            2.7440510723732983,
            2.055084854632961,
            1.4194590355764003,
            0.662808417531948,
            0.1919026980076278,
            0.004815423993619471
        ],
        [
            -1.1344533372192451,
            -1.135084565534819,
            -1.139314577672275,
            -1.1432200504481576,
            -1.1478667930724786,
            -1.1507610824519892,
            -1.1519093504174271
        ],
        [
            0.5929312096263761,
            0.6212839397095342,
            0.8117233439744043,
            0.9874190210367718,
            1.1965657195562218,
            1.3267311499714203,
            1.3784438782523984
        ],
        [
            -1.2037214223665453,
            -1.236485560270142,
            -1.4565476500804275,
            -1.6595736918223767,
            -1.9012555156078985,
            -2.0516686183082538,
            -2.111425186492667
        ],
        [
            -1.5882500000000004,
            -1.588250000000001,
            -1.5882499999999984,
            -1.5882500000000013,
            -1.5882499999999993,
            -1.5882500000000002,
            -1.5882500000000008
        ],
        [
            2.338741000000001,
            2.338741,
            2.3387409999999993,
            2.338741000000003,
            2.338741,
            2.3387410000000006,
            2.338741000000001
        ]
    ]
}